Time Step,X Values
0,0.0
1,1.0176745839250594
2,1.9253466987741872
