Time Step,X Values
0,0.0
1,1.0171136776482173
2,1.9237575280850403
